sample_id	Biosynthesis	Uptake	Esterification	Excretion	Influx	Removal	FCLS
Sample_low_FC	-0.6350313691302615	-0.7041299087172119	-0.8405800527555345	-0.8218142442156848	-1.3391612778474733	-1.6623942969712193	0.323233019123746
Sample_mid_FC	0.11218664547243587	0.061319872957662266	-0.25838403883571004	-0.3662607102620723	0.17350651843009812	-0.6246447490977823	0.7981512675278805
Sample_high_FC	1.2580337238573946	1.09849791722864	0.3409383427321949	0.019801966864799684	2.3565316410860344	0.3607403095969946	1.9957913314890399
Sample_removal	-0.7351890001995678	-0.45568788146909023	0.7580257488590512	1.168272987612957	-1.190876881668658	1.926298736472008	-3.1171756181406662
